Salesman,User,Timestamp
SalesBotAgent,"Hello, welcome to our store. How may I assist you today?",2024-06-12 16:57:04
Customer,I’m interested in buying a Smartwatch. Can you provide more information?,2024-06-12 16:57:04
SalesBotAgent,"Certainly, we have a wide range of products to suit your needs.",2024-06-12 16:57:04
Customer,I’m interested in buying a Headphones. Can you provide more information?,2024-06-12 16:57:04
SalesBotAgent,"Certainly, we have a wide range of products to suit your needs.",2024-06-12 16:57:04
SalesBotAgent,"Hello, welcome to our store. How may I assist you today?",2024-06-12 16:57:04
Customer,I’m interested in buying a Smartwatch. Can you provide more information?,2024-06-12 16:57:04
SalesBotAgent,"Certainly, we have a wide range of products to suit your needs.",2024-06-12 16:57:04
Customer,I’m interested in buying a Headphones. Can you provide more information?,2024-06-12 16:57:04
SalesBotAgent,"Certainly, we have a wide range of products to suit your needs.",2024-06-12 16:57:04
SalesBotAgent,Would you like to know more about our latest products?,2024-06-12 16:57:04
Customer,I’m interested in buying a Laptop. Can you provide more information?,2024-06-12 16:57:04
SalesBotAgent,"Certainly, we have a wide range of products to suit your needs.",2024-06-12 16:57:04
Customer,I’m interested in buying a Headphones. Can you provide more information?,2024-06-12 16:57:04
SalesBotAgent,"Certainly, we have a wide range of products to suit your needs.",2024-06-12 16:57:04
SalesBotAgent,Would you like to know more about our latest products?,2024-06-12 16:57:04
Customer,I’m interested in buying a Laptop. Can you provide more information?,2024-06-12 16:57:04
SalesBotAgent,"Certainly, we have a wide range of products to suit your needs.",2024-06-12 16:57:04
Customer,I’m interested in buying a Headphones. Can you provide more information?,2024-06-12 16:57:04
SalesBotAgent,"Certainly, we have a wide range of products to suit your needs.",2024-06-12 16:57:04
SalesBotAgent,Are you looking for anything specific?,2024-06-12 16:57:04
Customer,I’m interested in buying a Smartwatch. Can you provide more information?,2024-06-12 16:57:04
SalesBotAgent,"Certainly, we have a wide range of products to suit your needs.",2024-06-12 16:57:04
Customer,I’m interested in buying a Headphones. Can you provide more information?,2024-06-12 16:57:04
SalesBotAgent,"Certainly, we have a wide range of products to suit your needs.",2024-06-12 16:57:04
SalesBotAgent,Are you looking for anything specific?,2024-06-12 16:57:04
Customer,I’m interested in buying a Smartwatch. Can you provide more information?,2024-06-12 16:57:04
SalesBotAgent,"Certainly, we have a wide range of products to suit your needs.",2024-06-12 16:57:04
Customer,I’m interested in buying a Headphones. Can you provide more information?,2024-06-12 16:57:04
SalesBotAgent,"Certainly, we have a wide range of products to suit your needs.",2024-06-12 16:57:04
SalesBotAgent,"Hello, welcome to our store. How may I assist you today?",2024-06-12 16:57:04
Customer,I’m interested in buying a Smartphone. Can you provide more information?,2024-06-12 16:57:04
SalesBotAgent,"Certainly, we have a wide range of products to suit your needs.",2024-06-12 16:57:04
Customer,I’m interested in buying a Headphones. Can you provide more information?,2024-06-12 16:57:04
SalesBotAgent,"Certainly, we have a wide range of products to suit your needs.",2024-06-12 16:57:04
SalesBotAgent,"Hello, welcome to our store. How may I assist you today?",2024-06-12 16:57:04
Customer,I’m interested in buying a Smartphone. Can you provide more information?,2024-06-12 16:57:04
SalesBotAgent,"Certainly, we have a wide range of products to suit your needs.",2024-06-12 16:57:04
Customer,I’m interested in buying a Headphones. Can you provide more information?,2024-06-12 16:57:04
SalesBotAgent,"Certainly, we have a wide range of products to suit your needs.",2024-06-12 16:57:04
SalesBotAgent,"Hello, welcome to our store. How may I assist you today?",2024-06-12 16:57:04
Customer,I’m interested in buying a Laptop. Can you provide more information?,2024-06-12 16:57:04
SalesBotAgent,"Certainly, we have a wide range of products to suit your needs.",2024-06-12 16:57:04
Customer,I’m interested in buying a Smartwatch. Can you provide more information?,2024-06-12 16:57:04
SalesBotAgent,"Certainly, we have a wide range of products to suit your needs.",2024-06-12 16:57:04
SalesBotAgent,"Hello, welcome to our store. How may I assist you today?",2024-06-12 16:57:04
Customer,I’m interested in buying a Laptop. Can you provide more information?,2024-06-12 16:57:04
SalesBotAgent,"Certainly, we have a wide range of products to suit your needs.",2024-06-12 16:57:04
Customer,I’m interested in buying a Smartwatch. Can you provide more information?,2024-06-12 16:57:04
SalesBotAgent,"Certainly, we have a wide range of products to suit your needs.",2024-06-12 16:57:04
SalesBotAgent,"Hello, welcome to our store. How may I assist you today?",2024-06-12 16:57:04
Customer,I’m interested in buying a Smartphone. Can you provide more information?,2024-06-12 16:57:04
SalesBotAgent,"Certainly, we have a wide range of products to suit your needs.",2024-06-12 16:57:04
Customer,I’m interested in buying a Headphones. Can you provide more information?,2024-06-12 16:57:04
SalesBotAgent,"Certainly, we have a wide range of products to suit your needs.",2024-06-12 16:57:04
SalesBotAgent,"Hello, welcome to our store. How may I assist you today?",2024-06-12 16:57:04
Customer,I’m interested in buying a Smartphone. Can you provide more information?,2024-06-12 16:57:04
SalesBotAgent,"Certainly, we have a wide range of products to suit your needs.",2024-06-12 16:57:04
Customer,I’m interested in buying a Headphones. Can you provide more information?,2024-06-12 16:57:04
SalesBotAgent,"Certainly, we have a wide range of products to suit your needs.",2024-06-12 16:57:04
SalesBotAgent,"Hello, welcome to our store. How may I assist you today?",2024-06-12 16:57:04
Customer,I’m interested in buying a Smartwatch. Can you provide more information?,2024-06-12 16:57:04
SalesBotAgent,"Certainly, we have a wide range of products to suit your needs.",2024-06-12 16:57:04
Customer,I’m interested in buying a Smartwatch. Can you provide more information?,2024-06-12 16:57:04
SalesBotAgent,"Certainly, we have a wide range of products to suit your needs.",2024-06-12 16:57:04
SalesBotAgent,"Hello, welcome to our store. How may I assist you today?",2024-06-12 16:57:04
Customer,I’m interested in buying a Smartwatch. Can you provide more information?,2024-06-12 16:57:04
SalesBotAgent,"Certainly, we have a wide range of products to suit your needs.",2024-06-12 16:57:04
Customer,I’m interested in buying a Smartwatch. Can you provide more information?,2024-06-12 16:57:04
SalesBotAgent,"Certainly, we have a wide range of products to suit your needs.",2024-06-12 16:57:04
SalesBotAgent,"Hello, welcome to our store. How may I assist you today?",2024-06-12 16:57:04
Customer,I’m interested in buying a Tablet. Can you provide more information?,2024-06-12 16:57:04
SalesBotAgent,"Certainly, we have a wide range of products to suit your needs.",2024-06-12 16:57:04
Customer,I’m interested in buying a Laptop. Can you provide more information?,2024-06-12 16:57:04
SalesBotAgent,"Certainly, we have a wide range of products to suit your needs.",2024-06-12 16:57:04
SalesBotAgent,"Hello, welcome to our store. How may I assist you today?",2024-06-12 16:57:04
Customer,I’m interested in buying a Tablet. Can you provide more information?,2024-06-12 16:57:04
SalesBotAgent,"Certainly, we have a wide range of products to suit your needs.",2024-06-12 16:57:04
Customer,I’m interested in buying a Laptop. Can you provide more information?,2024-06-12 16:57:04
SalesBotAgent,"Certainly, we have a wide range of products to suit your needs.",2024-06-12 16:57:04
SalesBotAgent,Would you like to know more about our latest products?,2024-06-12 16:57:04
Customer,I’m interested in buying a Tablet. Can you provide more information?,2024-06-12 16:57:04
SalesBotAgent,"Certainly, we have a wide range of products to suit your needs.",2024-06-12 16:57:04
Customer,I’m interested in buying a Smartwatch. Can you provide more information?,2024-06-12 16:57:04
SalesBotAgent,"Certainly, we have a wide range of products to suit your needs.",2024-06-12 16:57:04
SalesBotAgent,Would you like to know more about our latest products?,2024-06-12 16:57:04
Customer,I’m interested in buying a Tablet. Can you provide more information?,2024-06-12 16:57:04
SalesBotAgent,"Certainly, we have a wide range of products to suit your needs.",2024-06-12 16:57:04
Customer,I’m interested in buying a Smartwatch. Can you provide more information?,2024-06-12 16:57:04
SalesBotAgent,"Certainly, we have a wide range of products to suit your needs.",2024-06-12 16:57:04
SalesBotAgent,Would you like to know more about our latest products?,2024-06-12 16:57:04
Customer,I’m interested in buying a Smartphone. Can you provide more information?,2024-06-12 16:57:04
SalesBotAgent,"Certainly, we have a wide range of products to suit your needs.",2024-06-12 16:57:04
Customer,I’m interested in buying a Smartwatch. Can you provide more information?,2024-06-12 16:57:04
SalesBotAgent,"Certainly, we have a wide range of products to suit your needs.",2024-06-12 16:57:04
SalesBotAgent,Would you like to know more about our latest products?,2024-06-12 16:57:04
Customer,I’m interested in buying a Smartphone. Can you provide more information?,2024-06-12 16:57:04
SalesBotAgent,"Certainly, we have a wide range of products to suit your needs.",2024-06-12 16:57:04
Customer,I’m interested in buying a Smartwatch. Can you provide more information?,2024-06-12 16:57:04
SalesBotAgent,"Certainly, we have a wide range of products to suit your needs.",2024-06-12 16:57:04
SalesBotAgent,Are you looking for anything specific?,2024-06-12 16:57:04
Customer,I’m interested in buying a Smartphone. Can you provide more information?,2024-06-12 16:57:04
SalesBotAgent,"Certainly, we have a wide range of products to suit your needs.",2024-06-12 16:57:04
Customer,I’m interested in buying a Tablet. Can you provide more information?,2024-06-12 16:57:04
SalesBotAgent,"Certainly, we have a wide range of products to suit your needs.",2024-06-12 16:57:04
SalesBotAgent,Are you looking for anything specific?,2024-06-12 16:57:04
Customer,I’m interested in buying a Smartphone. Can you provide more information?,2024-06-12 16:57:04
SalesBotAgent,"Certainly, we have a wide range of products to suit your needs.",2024-06-12 16:57:04
Customer,I’m interested in buying a Tablet. Can you provide more information?,2024-06-12 16:57:04
SalesBotAgent,"Certainly, we have a wide range of products to suit your needs.",2024-06-12 16:57:04
SalesBotAgent,Would you like to know more about our latest products?,2024-06-12 16:57:04
Customer,I’m interested in buying a Headphones. Can you provide more information?,2024-06-12 16:57:04
SalesBotAgent,"Certainly, we have a wide range of products to suit your needs.",2024-06-12 16:57:04
Customer,I’m interested in buying a Smartphone. Can you provide more information?,2024-06-12 16:57:04
SalesBotAgent,"Certainly, we have a wide range of products to suit your needs.",2024-06-12 16:57:04
SalesBotAgent,Would you like to know more about our latest products?,2024-06-12 16:57:04
Customer,I’m interested in buying a Headphones. Can you provide more information?,2024-06-12 16:57:04
SalesBotAgent,"Certainly, we have a wide range of products to suit your needs.",2024-06-12 16:57:04
Customer,I’m interested in buying a Smartphone. Can you provide more information?,2024-06-12 16:57:04
SalesBotAgent,"Certainly, we have a wide range of products to suit your needs.",2024-06-12 16:57:04
SalesBotAgent,Are you looking for anything specific?,2024-06-12 16:57:04
Customer,I’m interested in buying a Smartwatch. Can you provide more information?,2024-06-12 16:57:04
SalesBotAgent,"Certainly, we have a wide range of products to suit your needs.",2024-06-12 16:57:04
Customer,I’m interested in buying a Smartwatch. Can you provide more information?,2024-06-12 16:57:04
SalesBotAgent,"Certainly, we have a wide range of products to suit your needs.",2024-06-12 16:57:04
SalesBotAgent,Are you looking for anything specific?,2024-06-12 16:57:04
Customer,I’m interested in buying a Smartwatch. Can you provide more information?,2024-06-12 16:57:04
SalesBotAgent,"Certainly, we have a wide range of products to suit your needs.",2024-06-12 16:57:04
Customer,I’m interested in buying a Smartwatch. Can you provide more information?,2024-06-12 16:57:04
SalesBotAgent,"Certainly, we have a wide range of products to suit your needs.",2024-06-12 16:57:04
SalesBotAgent,Are you looking for anything specific?,2024-06-12 16:57:04
Customer,I’m interested in buying a Tablet. Can you provide more information?,2024-06-12 16:57:04
SalesBotAgent,"Certainly, we have a wide range of products to suit your needs.",2024-06-12 16:57:04
Customer,I’m interested in buying a Smartphone. Can you provide more information?,2024-06-12 16:57:04
SalesBotAgent,"Certainly, we have a wide range of products to suit your needs.",2024-06-12 16:57:04
SalesBotAgent,Are you looking for anything specific?,2024-06-12 16:57:04
Customer,I’m interested in buying a Tablet. Can you provide more information?,2024-06-12 16:57:04
SalesBotAgent,"Certainly, we have a wide range of products to suit your needs.",2024-06-12 16:57:04
Customer,I’m interested in buying a Smartphone. Can you provide more information?,2024-06-12 16:57:04
SalesBotAgent,"Certainly, we have a wide range of products to suit your needs.",2024-06-12 16:57:04
SalesBotAgent,"Hello, welcome to our store. How may I assist you today?",2024-06-12 16:57:04
Customer,I’m interested in buying a Tablet. Can you provide more information?,2024-06-12 16:57:04
SalesBotAgent,"Certainly, we have a wide range of products to suit your needs.",2024-06-12 16:57:04
Customer,I’m interested in buying a Headphones. Can you provide more information?,2024-06-12 16:57:04
SalesBotAgent,"Certainly, we have a wide range of products to suit your needs.",2024-06-12 16:57:04
SalesBotAgent,"Hello, welcome to our store. How may I assist you today?",2024-06-12 16:57:04
Customer,I’m interested in buying a Tablet. Can you provide more information?,2024-06-12 16:57:04
SalesBotAgent,"Certainly, we have a wide range of products to suit your needs.",2024-06-12 16:57:04
Customer,I’m interested in buying a Headphones. Can you provide more information?,2024-06-12 16:57:04
SalesBotAgent,"Certainly, we have a wide range of products to suit your needs.",2024-06-12 16:57:04
SalesBotAgent,Would you like to know more about our latest products?,2024-06-12 16:57:04
Customer,I’m interested in buying a Smartphone. Can you provide more information?,2024-06-12 16:57:04
SalesBotAgent,"Certainly, we have a wide range of products to suit your needs.",2024-06-12 16:57:04
Customer,I’m interested in buying a Tablet. Can you provide more information?,2024-06-12 16:57:04
SalesBotAgent,"Certainly, we have a wide range of products to suit your needs.",2024-06-12 16:57:04
SalesBotAgent,Would you like to know more about our latest products?,2024-06-12 16:57:04
Customer,I’m interested in buying a Smartphone. Can you provide more information?,2024-06-12 16:57:04
SalesBotAgent,"Certainly, we have a wide range of products to suit your needs.",2024-06-12 16:57:04
Customer,I’m interested in buying a Tablet. Can you provide more information?,2024-06-12 16:57:04
SalesBotAgent,"Certainly, we have a wide range of products to suit your needs.",2024-06-12 16:57:04
SalesBotAgent,"Hello, welcome to our store. How may I assist you today?",2024-06-12 16:57:04
Customer,I’m interested in buying a Tablet. Can you provide more information?,2024-06-12 16:57:04
SalesBotAgent,"Certainly, we have a wide range of products to suit your needs.",2024-06-12 16:57:04
Customer,I’m interested in buying a Headphones. Can you provide more information?,2024-06-12 16:57:04
SalesBotAgent,"Certainly, we have a wide range of products to suit your needs.",2024-06-12 16:57:04
SalesBotAgent,"Hello, welcome to our store. How may I assist you today?",2024-06-12 16:57:04
Customer,I’m interested in buying a Tablet. Can you provide more information?,2024-06-12 16:57:04
SalesBotAgent,"Certainly, we have a wide range of products to suit your needs.",2024-06-12 16:57:04
Customer,I’m interested in buying a Headphones. Can you provide more information?,2024-06-12 16:57:04
SalesBotAgent,"Certainly, we have a wide range of products to suit your needs.",2024-06-12 16:57:04
SalesBotAgent,"Hello, welcome to our store. How may I assist you today?",2024-06-12 16:57:04
Customer,I’m interested in buying a Headphones. Can you provide more information?,2024-06-12 16:57:04
SalesBotAgent,"Certainly, we have a wide range of products to suit your needs.",2024-06-12 16:57:04
Customer,I’m interested in buying a Headphones. Can you provide more information?,2024-06-12 16:57:04
SalesBotAgent,"Certainly, we have a wide range of products to suit your needs.",2024-06-12 16:57:04
SalesBotAgent,"Hello, welcome to our store. How may I assist you today?",2024-06-12 16:57:04
Customer,I’m interested in buying a Headphones. Can you provide more information?,2024-06-12 16:57:04
SalesBotAgent,"Certainly, we have a wide range of products to suit your needs.",2024-06-12 16:57:04
Customer,I’m interested in buying a Headphones. Can you provide more information?,2024-06-12 16:57:04
SalesBotAgent,"Certainly, we have a wide range of products to suit your needs.",2024-06-12 16:57:04
SalesBotAgent,Are you looking for anything specific?,2024-06-12 16:57:04
Customer,I’m interested in buying a Headphones. Can you provide more information?,2024-06-12 16:57:04
SalesBotAgent,"Certainly, we have a wide range of products to suit your needs.",2024-06-12 16:57:04
Customer,I’m interested in buying a Laptop. Can you provide more information?,2024-06-12 16:57:04
SalesBotAgent,"Certainly, we have a wide range of products to suit your needs.",2024-06-12 16:57:04
SalesBotAgent,Are you looking for anything specific?,2024-06-12 16:57:04
Customer,I’m interested in buying a Headphones. Can you provide more information?,2024-06-12 16:57:04
SalesBotAgent,"Certainly, we have a wide range of products to suit your needs.",2024-06-12 16:57:04
Customer,I’m interested in buying a Laptop. Can you provide more information?,2024-06-12 16:57:04
SalesBotAgent,"Certainly, we have a wide range of products to suit your needs.",2024-06-12 16:57:04
SalesBotAgent,"Hello, welcome to our store. How may I assist you today?",2024-06-12 16:57:04
Customer,I’m interested in buying a Tablet. Can you provide more information?,2024-06-12 16:57:04
SalesBotAgent,"Certainly, we have a wide range of products to suit your needs.",2024-06-12 16:57:04
Customer,I’m interested in buying a Headphones. Can you provide more information?,2024-06-12 16:57:04
SalesBotAgent,"Certainly, we have a wide range of products to suit your needs.",2024-06-12 16:57:04
SalesBotAgent,"Hello, welcome to our store. How may I assist you today?",2024-06-12 16:57:04
Customer,I’m interested in buying a Tablet. Can you provide more information?,2024-06-12 16:57:04
SalesBotAgent,"Certainly, we have a wide range of products to suit your needs.",2024-06-12 16:57:04
Customer,I’m interested in buying a Headphones. Can you provide more information?,2024-06-12 16:57:04
SalesBotAgent,"Certainly, we have a wide range of products to suit your needs.",2024-06-12 16:57:04
SalesBotAgent,Are you looking for anything specific?,2024-06-12 16:57:04
Customer,I’m interested in buying a Smartwatch. Can you provide more information?,2024-06-12 16:57:04
SalesBotAgent,"Certainly, we have a wide range of products to suit your needs.",2024-06-12 16:57:04
Customer,I’m interested in buying a Laptop. Can you provide more information?,2024-06-12 16:57:04
SalesBotAgent,"Certainly, we have a wide range of products to suit your needs.",2024-06-12 16:57:04
SalesBotAgent,Are you looking for anything specific?,2024-06-12 16:57:04
Customer,I’m interested in buying a Smartwatch. Can you provide more information?,2024-06-12 16:57:04
SalesBotAgent,"Certainly, we have a wide range of products to suit your needs.",2024-06-12 16:57:04
Customer,I’m interested in buying a Laptop. Can you provide more information?,2024-06-12 16:57:04
SalesBotAgent,"Certainly, we have a wide range of products to suit your needs.",2024-06-12 16:57:04
SalesBotAgent,Are you looking for anything specific?,2024-06-12 16:57:04
Customer,I’m interested in buying a Headphones. Can you provide more information?,2024-06-12 16:57:04
SalesBotAgent,"Certainly, we have a wide range of products to suit your needs.",2024-06-12 16:57:04
Customer,I’m interested in buying a Smartphone. Can you provide more information?,2024-06-12 16:57:04
SalesBotAgent,"Certainly, we have a wide range of products to suit your needs.",2024-06-12 16:57:04
SalesBotAgent,Are you looking for anything specific?,2024-06-12 16:57:04
Customer,I’m interested in buying a Headphones. Can you provide more information?,2024-06-12 16:57:04
SalesBotAgent,"Certainly, we have a wide range of products to suit your needs.",2024-06-12 16:57:04
Customer,I’m interested in buying a Smartphone. Can you provide more information?,2024-06-12 16:57:04
SalesBotAgent,"Certainly, we have a wide range of products to suit your needs.",2024-06-12 16:57:04
SalesBotAgent,Are you looking for anything specific?,2024-06-12 16:57:04
Customer,I’m interested in buying a Smartwatch. Can you provide more information?,2024-06-12 16:57:04
SalesBotAgent,"Certainly, we have a wide range of products to suit your needs.",2024-06-12 16:57:04
Customer,I’m interested in buying a Laptop. Can you provide more information?,2024-06-12 16:57:04
SalesBotAgent,"Certainly, we have a wide range of products to suit your needs.",2024-06-12 16:57:04
SalesBotAgent,Are you looking for anything specific?,2024-06-12 16:57:04
Customer,I’m interested in buying a Smartwatch. Can you provide more information?,2024-06-12 16:57:04
SalesBotAgent,"Certainly, we have a wide range of products to suit your needs.",2024-06-12 16:57:04
Customer,I’m interested in buying a Laptop. Can you provide more information?,2024-06-12 16:57:04
SalesBotAgent,"Certainly, we have a wide range of products to suit your needs.",2024-06-12 16:57:04
SalesBotAgent,Would you like to know more about our latest products?,2024-06-12 16:57:04
Customer,I’m interested in buying a Headphones. Can you provide more information?,2024-06-12 16:57:04
SalesBotAgent,"Certainly, we have a wide range of products to suit your needs.",2024-06-12 16:57:04
Customer,I’m interested in buying a Headphones. Can you provide more information?,2024-06-12 16:57:04
SalesBotAgent,"Certainly, we have a wide range of products to suit your needs.",2024-06-12 16:57:04
SalesBotAgent,Would you like to know more about our latest products?,2024-06-12 16:57:04
Customer,I’m interested in buying a Headphones. Can you provide more information?,2024-06-12 16:57:04
SalesBotAgent,"Certainly, we have a wide range of products to suit your needs.",2024-06-12 16:57:04
Customer,I’m interested in buying a Headphones. Can you provide more information?,2024-06-12 16:57:04
SalesBotAgent,"Certainly, we have a wide range of products to suit your needs.",2024-06-12 16:57:04
SalesBotAgent,"Hello, welcome to our store. How may I assist you today?",2024-06-12 16:57:04
Customer,I’m interested in buying a Smartphone. Can you provide more information?,2024-06-12 16:57:04
SalesBotAgent,"Certainly, we have a wide range of products to suit your needs.",2024-06-12 16:57:04
Customer,I’m interested in buying a Headphones. Can you provide more information?,2024-06-12 16:57:04
SalesBotAgent,"Certainly, we have a wide range of products to suit your needs.",2024-06-12 16:57:04
SalesBotAgent,"Hello, welcome to our store. How may I assist you today?",2024-06-12 16:57:04
Customer,I’m interested in buying a Smartphone. Can you provide more information?,2024-06-12 16:57:04
SalesBotAgent,"Certainly, we have a wide range of products to suit your needs.",2024-06-12 16:57:04
Customer,I’m interested in buying a Headphones. Can you provide more information?,2024-06-12 16:57:04
SalesBotAgent,"Certainly, we have a wide range of products to suit your needs.",2024-06-12 16:57:04
SalesBotAgent,Would you like to know more about our latest products?,2024-06-12 16:57:04
Customer,I’m interested in buying a Tablet. Can you provide more information?,2024-06-12 16:57:04
SalesBotAgent,"Certainly, we have a wide range of products to suit your needs.",2024-06-12 16:57:04
Customer,I’m interested in buying a Headphones. Can you provide more information?,2024-06-12 16:57:04
SalesBotAgent,"Certainly, we have a wide range of products to suit your needs.",2024-06-12 16:57:04
SalesBotAgent,Would you like to know more about our latest products?,2024-06-12 16:57:04
Customer,I’m interested in buying a Tablet. Can you provide more information?,2024-06-12 16:57:04
SalesBotAgent,"Certainly, we have a wide range of products to suit your needs.",2024-06-12 16:57:04
Customer,I’m interested in buying a Headphones. Can you provide more information?,2024-06-12 16:57:04
SalesBotAgent,"Certainly, we have a wide range of products to suit your needs.",2024-06-12 16:57:04
SalesBotAgent,"Hello, welcome to our store. How may I assist you today?",2024-06-12 16:57:04
Customer,I’m interested in buying a Tablet. Can you provide more information?,2024-06-12 16:57:04
SalesBotAgent,"Certainly, we have a wide range of products to suit your needs.",2024-06-12 16:57:04
Customer,I’m interested in buying a Headphones. Can you provide more information?,2024-06-12 16:57:04
SalesBotAgent,"Certainly, we have a wide range of products to suit your needs.",2024-06-12 16:57:04
SalesBotAgent,"Hello, welcome to our store. How may I assist you today?",2024-06-12 16:57:04
Customer,I’m interested in buying a Tablet. Can you provide more information?,2024-06-12 16:57:04
SalesBotAgent,"Certainly, we have a wide range of products to suit your needs.",2024-06-12 16:57:04
Customer,I’m interested in buying a Headphones. Can you provide more information?,2024-06-12 16:57:04
SalesBotAgent,"Certainly, we have a wide range of products to suit your needs.",2024-06-12 16:57:04
SalesBotAgent,"Hello, welcome to our store. How may I assist you today?",2024-06-12 16:57:04
Customer,I’m interested in buying a Laptop. Can you provide more information?,2024-06-12 16:57:04
SalesBotAgent,"Certainly, we have a wide range of products to suit your needs.",2024-06-12 16:57:04
Customer,I’m interested in buying a Tablet. Can you provide more information?,2024-06-12 16:57:04
SalesBotAgent,"Certainly, we have a wide range of products to suit your needs.",2024-06-12 16:57:04
SalesBotAgent,"Hello, welcome to our store. How may I assist you today?",2024-06-12 16:57:04
Customer,I’m interested in buying a Laptop. Can you provide more information?,2024-06-12 16:57:04
SalesBotAgent,"Certainly, we have a wide range of products to suit your needs.",2024-06-12 16:57:04
Customer,I’m interested in buying a Tablet. Can you provide more information?,2024-06-12 16:57:04
SalesBotAgent,"Certainly, we have a wide range of products to suit your needs.",2024-06-12 16:57:04
SalesBotAgent,Are you looking for anything specific?,2024-06-12 16:57:04
Customer,I’m interested in buying a Tablet. Can you provide more information?,2024-06-12 16:57:04
SalesBotAgent,"Certainly, we have a wide range of products to suit your needs.",2024-06-12 16:57:04
Customer,I’m interested in buying a Smartphone. Can you provide more information?,2024-06-12 16:57:04
SalesBotAgent,"Certainly, we have a wide range of products to suit your needs.",2024-06-12 16:57:04
SalesBotAgent,Are you looking for anything specific?,2024-06-12 16:57:04
Customer,I’m interested in buying a Tablet. Can you provide more information?,2024-06-12 16:57:04
SalesBotAgent,"Certainly, we have a wide range of products to suit your needs.",2024-06-12 16:57:04
Customer,I’m interested in buying a Smartphone. Can you provide more information?,2024-06-12 16:57:04
SalesBotAgent,"Certainly, we have a wide range of products to suit your needs.",2024-06-12 16:57:04
SalesBotAgent,"Hello, welcome to our store. How may I assist you today?",2024-06-12 16:57:04
Customer,I’m interested in buying a Headphones. Can you provide more information?,2024-06-12 16:57:04
SalesBotAgent,"Certainly, we have a wide range of products to suit your needs.",2024-06-12 16:57:04
Customer,I’m interested in buying a Laptop. Can you provide more information?,2024-06-12 16:57:04
SalesBotAgent,"Certainly, we have a wide range of products to suit your needs.",2024-06-12 16:57:04
SalesBotAgent,"Hello, welcome to our store. How may I assist you today?",2024-06-12 16:57:04
Customer,I’m interested in buying a Headphones. Can you provide more information?,2024-06-12 16:57:04
SalesBotAgent,"Certainly, we have a wide range of products to suit your needs.",2024-06-12 16:57:04
Customer,I’m interested in buying a Laptop. Can you provide more information?,2024-06-12 16:57:04
SalesBotAgent,"Certainly, we have a wide range of products to suit your needs.",2024-06-12 16:57:04
SalesBotAgent,Would you like to know more about our latest products?,2024-06-12 16:57:04
Customer,I’m interested in buying a Tablet. Can you provide more information?,2024-06-12 16:57:04
SalesBotAgent,"Certainly, we have a wide range of products to suit your needs.",2024-06-12 16:57:04
Customer,I’m interested in buying a Smartphone. Can you provide more information?,2024-06-12 16:57:04
SalesBotAgent,"Certainly, we have a wide range of products to suit your needs.",2024-06-12 16:57:04
SalesBotAgent,Would you like to know more about our latest products?,2024-06-12 16:57:04
Customer,I’m interested in buying a Tablet. Can you provide more information?,2024-06-12 16:57:04
SalesBotAgent,"Certainly, we have a wide range of products to suit your needs.",2024-06-12 16:57:04
Customer,I’m interested in buying a Smartphone. Can you provide more information?,2024-06-12 16:57:04
SalesBotAgent,"Certainly, we have a wide range of products to suit your needs.",2024-06-12 16:57:04
SalesBotAgent,"Hello, welcome to our store. How may I assist you today?",2024-06-12 16:57:04
Customer,I’m interested in buying a Tablet. Can you provide more information?,2024-06-12 16:57:04
SalesBotAgent,"Certainly, we have a wide range of products to suit your needs.",2024-06-12 16:57:04
Customer,I’m interested in buying a Smartwatch. Can you provide more information?,2024-06-12 16:57:04
SalesBotAgent,"Certainly, we have a wide range of products to suit your needs.",2024-06-12 16:57:04
SalesBotAgent,"Hello, welcome to our store. How may I assist you today?",2024-06-12 16:57:04
Customer,I’m interested in buying a Tablet. Can you provide more information?,2024-06-12 16:57:04
SalesBotAgent,"Certainly, we have a wide range of products to suit your needs.",2024-06-12 16:57:04
Customer,I’m interested in buying a Smartwatch. Can you provide more information?,2024-06-12 16:57:04
SalesBotAgent,"Certainly, we have a wide range of products to suit your needs.",2024-06-12 16:57:04
SalesBotAgent,Would you like to know more about our latest products?,2024-06-12 16:57:04
Customer,I’m interested in buying a Smartphone. Can you provide more information?,2024-06-12 16:57:04
SalesBotAgent,"Certainly, we have a wide range of products to suit your needs.",2024-06-12 16:57:04
Customer,I’m interested in buying a Smartphone. Can you provide more information?,2024-06-12 16:57:04
SalesBotAgent,"Certainly, we have a wide range of products to suit your needs.",2024-06-12 16:57:04
SalesBotAgent,Would you like to know more about our latest products?,2024-06-12 16:57:04
Customer,I’m interested in buying a Smartphone. Can you provide more information?,2024-06-12 16:57:04
SalesBotAgent,"Certainly, we have a wide range of products to suit your needs.",2024-06-12 16:57:04
Customer,I’m interested in buying a Smartphone. Can you provide more information?,2024-06-12 16:57:04
SalesBotAgent,"Certainly, we have a wide range of products to suit your needs.",2024-06-12 16:57:04
SalesBotAgent,Are you looking for anything specific?,2024-06-12 16:57:04
Customer,I’m interested in buying a Smartwatch. Can you provide more information?,2024-06-12 16:57:04
SalesBotAgent,"Certainly, we have a wide range of products to suit your needs.",2024-06-12 16:57:04
Customer,I’m interested in buying a Headphones. Can you provide more information?,2024-06-12 16:57:04
SalesBotAgent,"Certainly, we have a wide range of products to suit your needs.",2024-06-12 16:57:04
SalesBotAgent,Are you looking for anything specific?,2024-06-12 16:57:04
Customer,I’m interested in buying a Smartwatch. Can you provide more information?,2024-06-12 16:57:04
SalesBotAgent,"Certainly, we have a wide range of products to suit your needs.",2024-06-12 16:57:04
Customer,I’m interested in buying a Headphones. Can you provide more information?,2024-06-12 16:57:04
SalesBotAgent,"Certainly, we have a wide range of products to suit your needs.",2024-06-12 16:57:04
SalesBotAgent,Are you looking for anything specific?,2024-06-12 16:57:04
Customer,I’m interested in buying a Tablet. Can you provide more information?,2024-06-12 16:57:04
SalesBotAgent,"Certainly, we have a wide range of products to suit your needs.",2024-06-12 16:57:04
Customer,I’m interested in buying a Tablet. Can you provide more information?,2024-06-12 16:57:04
SalesBotAgent,"Certainly, we have a wide range of products to suit your needs.",2024-06-12 16:57:04
SalesBotAgent,Are you looking for anything specific?,2024-06-12 16:57:04
Customer,I’m interested in buying a Tablet. Can you provide more information?,2024-06-12 16:57:04
SalesBotAgent,"Certainly, we have a wide range of products to suit your needs.",2024-06-12 16:57:04
Customer,I’m interested in buying a Tablet. Can you provide more information?,2024-06-12 16:57:04
SalesBotAgent,"Certainly, we have a wide range of products to suit your needs.",2024-06-12 16:57:04
SalesBotAgent,Are you looking for anything specific?,2024-06-12 16:57:04
Customer,I’m interested in buying a Smartphone. Can you provide more information?,2024-06-12 16:57:04
SalesBotAgent,"Certainly, we have a wide range of products to suit your needs.",2024-06-12 16:57:04
Customer,I’m interested in buying a Laptop. Can you provide more information?,2024-06-12 16:57:04
SalesBotAgent,"Certainly, we have a wide range of products to suit your needs.",2024-06-12 16:57:04
SalesBotAgent,Are you looking for anything specific?,2024-06-12 16:57:04
Customer,I’m interested in buying a Smartphone. Can you provide more information?,2024-06-12 16:57:04
SalesBotAgent,"Certainly, we have a wide range of products to suit your needs.",2024-06-12 16:57:04
Customer,I’m interested in buying a Laptop. Can you provide more information?,2024-06-12 16:57:04
SalesBotAgent,"Certainly, we have a wide range of products to suit your needs.",2024-06-12 16:57:04
SalesBotAgent,"Hello, welcome to our store. How may I assist you today?",2024-06-12 16:57:04
Customer,I’m interested in buying a Laptop. Can you provide more information?,2024-06-12 16:57:04
SalesBotAgent,"Certainly, we have a wide range of products to suit your needs.",2024-06-12 16:57:04
Customer,I’m interested in buying a Laptop. Can you provide more information?,2024-06-12 16:57:04
SalesBotAgent,"Certainly, we have a wide range of products to suit your needs.",2024-06-12 16:57:04
SalesBotAgent,"Hello, welcome to our store. How may I assist you today?",2024-06-12 16:57:04
Customer,I’m interested in buying a Laptop. Can you provide more information?,2024-06-12 16:57:04
SalesBotAgent,"Certainly, we have a wide range of products to suit your needs.",2024-06-12 16:57:04
Customer,I’m interested in buying a Laptop. Can you provide more information?,2024-06-12 16:57:04
SalesBotAgent,"Certainly, we have a wide range of products to suit your needs.",2024-06-12 16:57:04
SalesBotAgent,Are you looking for anything specific?,2024-06-12 16:57:04
Customer,I’m interested in buying a Tablet. Can you provide more information?,2024-06-12 16:57:04
SalesBotAgent,"Certainly, we have a wide range of products to suit your needs.",2024-06-12 16:57:04
Customer,I’m interested in buying a Headphones. Can you provide more information?,2024-06-12 16:57:04
SalesBotAgent,"Certainly, we have a wide range of products to suit your needs.",2024-06-12 16:57:04
SalesBotAgent,Are you looking for anything specific?,2024-06-12 16:57:04
Customer,I’m interested in buying a Tablet. Can you provide more information?,2024-06-12 16:57:04
SalesBotAgent,"Certainly, we have a wide range of products to suit your needs.",2024-06-12 16:57:04
Customer,I’m interested in buying a Headphones. Can you provide more information?,2024-06-12 16:57:04
SalesBotAgent,"Certainly, we have a wide range of products to suit your needs.",2024-06-12 16:57:04
SalesBotAgent,"Hello, welcome to our store. How may I assist you today?",2024-06-12 16:57:04
Customer,I’m interested in buying a Tablet. Can you provide more information?,2024-06-12 16:57:04
SalesBotAgent,"Certainly, we have a wide range of products to suit your needs.",2024-06-12 16:57:04
Customer,I’m interested in buying a Smartwatch. Can you provide more information?,2024-06-12 16:57:04
SalesBotAgent,"Certainly, we have a wide range of products to suit your needs.",2024-06-12 16:57:04
SalesBotAgent,"Hello, welcome to our store. How may I assist you today?",2024-06-12 16:57:04
Customer,I’m interested in buying a Tablet. Can you provide more information?,2024-06-12 16:57:04
SalesBotAgent,"Certainly, we have a wide range of products to suit your needs.",2024-06-12 16:57:04
Customer,I’m interested in buying a Smartwatch. Can you provide more information?,2024-06-12 16:57:04
SalesBotAgent,"Certainly, we have a wide range of products to suit your needs.",2024-06-12 16:57:04
SalesBotAgent,Would you like to know more about our latest products?,2024-06-12 16:57:04
Customer,I’m interested in buying a Headphones. Can you provide more information?,2024-06-12 16:57:04
SalesBotAgent,"Certainly, we have a wide range of products to suit your needs.",2024-06-12 16:57:04
Customer,I’m interested in buying a Headphones. Can you provide more information?,2024-06-12 16:57:04
SalesBotAgent,"Certainly, we have a wide range of products to suit your needs.",2024-06-12 16:57:04
SalesBotAgent,Would you like to know more about our latest products?,2024-06-12 16:57:04
Customer,I’m interested in buying a Headphones. Can you provide more information?,2024-06-12 16:57:04
SalesBotAgent,"Certainly, we have a wide range of products to suit your needs.",2024-06-12 16:57:04
Customer,I’m interested in buying a Headphones. Can you provide more information?,2024-06-12 16:57:04
SalesBotAgent,"Certainly, we have a wide range of products to suit your needs.",2024-06-12 16:57:04
SalesBotAgent,Would you like to know more about our latest products?,2024-06-12 16:57:04
Customer,I’m interested in buying a Headphones. Can you provide more information?,2024-06-12 16:57:04
SalesBotAgent,"Certainly, we have a wide range of products to suit your needs.",2024-06-12 16:57:04
Customer,I’m interested in buying a Laptop. Can you provide more information?,2024-06-12 16:57:04
SalesBotAgent,"Certainly, we have a wide range of products to suit your needs.",2024-06-12 16:57:04
SalesBotAgent,Would you like to know more about our latest products?,2024-06-12 16:57:04
Customer,I’m interested in buying a Headphones. Can you provide more information?,2024-06-12 16:57:04
SalesBotAgent,"Certainly, we have a wide range of products to suit your needs.",2024-06-12 16:57:04
Customer,I’m interested in buying a Laptop. Can you provide more information?,2024-06-12 16:57:04
SalesBotAgent,"Certainly, we have a wide range of products to suit your needs.",2024-06-12 16:57:04
SalesBotAgent,Are you looking for anything specific?,2024-06-12 16:57:04
Customer,I’m interested in buying a Headphones. Can you provide more information?,2024-06-12 16:57:04
SalesBotAgent,"Certainly, we have a wide range of products to suit your needs.",2024-06-12 16:57:04
Customer,I’m interested in buying a Smartphone. Can you provide more information?,2024-06-12 16:57:04
SalesBotAgent,"Certainly, we have a wide range of products to suit your needs.",2024-06-12 16:57:04
SalesBotAgent,Are you looking for anything specific?,2024-06-12 16:57:04
Customer,I’m interested in buying a Headphones. Can you provide more information?,2024-06-12 16:57:04
SalesBotAgent,"Certainly, we have a wide range of products to suit your needs.",2024-06-12 16:57:04
Customer,I’m interested in buying a Smartphone. Can you provide more information?,2024-06-12 16:57:04
SalesBotAgent,"Certainly, we have a wide range of products to suit your needs.",2024-06-12 16:57:04
SalesBotAgent,Are you looking for anything specific?,2024-06-12 16:57:04
Customer,I’m interested in buying a Laptop. Can you provide more information?,2024-06-12 16:57:04
SalesBotAgent,"Certainly, we have a wide range of products to suit your needs.",2024-06-12 16:57:04
Customer,I’m interested in buying a Smartwatch. Can you provide more information?,2024-06-12 16:57:04
SalesBotAgent,"Certainly, we have a wide range of products to suit your needs.",2024-06-12 16:57:04
SalesBotAgent,Are you looking for anything specific?,2024-06-12 16:57:04
Customer,I’m interested in buying a Laptop. Can you provide more information?,2024-06-12 16:57:04
SalesBotAgent,"Certainly, we have a wide range of products to suit your needs.",2024-06-12 16:57:04
Customer,I’m interested in buying a Smartwatch. Can you provide more information?,2024-06-12 16:57:04
SalesBotAgent,"Certainly, we have a wide range of products to suit your needs.",2024-06-12 16:57:04
SalesBotAgent,Would you like to know more about our latest products?,2024-06-12 16:57:04
Customer,I’m interested in buying a Laptop. Can you provide more information?,2024-06-12 16:57:04
SalesBotAgent,"Certainly, we have a wide range of products to suit your needs.",2024-06-12 16:57:04
Customer,I’m interested in buying a Smartwatch. Can you provide more information?,2024-06-12 16:57:04
SalesBotAgent,"Certainly, we have a wide range of products to suit your needs.",2024-06-12 16:57:04
SalesBotAgent,Would you like to know more about our latest products?,2024-06-12 16:57:04
Customer,I’m interested in buying a Laptop. Can you provide more information?,2024-06-12 16:57:04
SalesBotAgent,"Certainly, we have a wide range of products to suit your needs.",2024-06-12 16:57:04
Customer,I’m interested in buying a Smartwatch. Can you provide more information?,2024-06-12 16:57:04
SalesBotAgent,"Certainly, we have a wide range of products to suit your needs.",2024-06-12 16:57:04
SalesBotAgent,Would you like to know more about our latest products?,2024-06-12 16:57:04
Customer,I’m interested in buying a Tablet. Can you provide more information?,2024-06-12 16:57:04
SalesBotAgent,"Certainly, we have a wide range of products to suit your needs.",2024-06-12 16:57:04
Customer,I’m interested in buying a Headphones. Can you provide more information?,2024-06-12 16:57:04
SalesBotAgent,"Certainly, we have a wide range of products to suit your needs.",2024-06-12 16:57:04
SalesBotAgent,Would you like to know more about our latest products?,2024-06-12 16:57:04
Customer,I’m interested in buying a Tablet. Can you provide more information?,2024-06-12 16:57:04
SalesBotAgent,"Certainly, we have a wide range of products to suit your needs.",2024-06-12 16:57:04
Customer,I’m interested in buying a Headphones. Can you provide more information?,2024-06-12 16:57:04
SalesBotAgent,"Certainly, we have a wide range of products to suit your needs.",2024-06-12 16:57:04
SalesBotAgent,Would you like to know more about our latest products?,2024-06-12 16:57:04
Customer,I’m interested in buying a Headphones. Can you provide more information?,2024-06-12 16:57:04
SalesBotAgent,"Certainly, we have a wide range of products to suit your needs.",2024-06-12 16:57:04
Customer,I’m interested in buying a Smartwatch. Can you provide more information?,2024-06-12 16:57:04
SalesBotAgent,"Certainly, we have a wide range of products to suit your needs.",2024-06-12 16:57:04
SalesBotAgent,Would you like to know more about our latest products?,2024-06-12 16:57:04
Customer,I’m interested in buying a Headphones. Can you provide more information?,2024-06-12 16:57:04
SalesBotAgent,"Certainly, we have a wide range of products to suit your needs.",2024-06-12 16:57:04
Customer,I’m interested in buying a Smartwatch. Can you provide more information?,2024-06-12 16:57:04
SalesBotAgent,"Certainly, we have a wide range of products to suit your needs.",2024-06-12 16:57:04
SalesBotAgent,Would you like to know more about our latest products?,2024-06-12 16:57:04
Customer,I’m interested in buying a Smartwatch. Can you provide more information?,2024-06-12 16:57:04
SalesBotAgent,"Certainly, we have a wide range of products to suit your needs.",2024-06-12 16:57:04
Customer,I’m interested in buying a Tablet. Can you provide more information?,2024-06-12 16:57:04
SalesBotAgent,"Certainly, we have a wide range of products to suit your needs.",2024-06-12 16:57:04
SalesBotAgent,Would you like to know more about our latest products?,2024-06-12 16:57:04
Customer,I’m interested in buying a Smartwatch. Can you provide more information?,2024-06-12 16:57:04
SalesBotAgent,"Certainly, we have a wide range of products to suit your needs.",2024-06-12 16:57:04
Customer,I’m interested in buying a Tablet. Can you provide more information?,2024-06-12 16:57:04
SalesBotAgent,"Certainly, we have a wide range of products to suit your needs.",2024-06-12 16:57:04
SalesBotAgent,Are you looking for anything specific?,2024-06-12 16:57:04
Customer,I’m interested in buying a Smartphone. Can you provide more information?,2024-06-12 16:57:04
SalesBotAgent,"Certainly, we have a wide range of products to suit your needs.",2024-06-12 16:57:04
Customer,I’m interested in buying a Smartwatch. Can you provide more information?,2024-06-12 16:57:04
SalesBotAgent,"Certainly, we have a wide range of products to suit your needs.",2024-06-12 16:57:04
SalesBotAgent,Are you looking for anything specific?,2024-06-12 16:57:04
Customer,I’m interested in buying a Smartphone. Can you provide more information?,2024-06-12 16:57:04
SalesBotAgent,"Certainly, we have a wide range of products to suit your needs.",2024-06-12 16:57:04
Customer,I’m interested in buying a Smartwatch. Can you provide more information?,2024-06-12 16:57:04
SalesBotAgent,"Certainly, we have a wide range of products to suit your needs.",2024-06-12 16:57:04
SalesBotAgent,Would you like to know more about our latest products?,2024-06-12 16:57:04
Customer,I’m interested in buying a Laptop. Can you provide more information?,2024-06-12 16:57:04
SalesBotAgent,"Certainly, we have a wide range of products to suit your needs.",2024-06-12 16:57:04
Customer,I’m interested in buying a Laptop. Can you provide more information?,2024-06-12 16:57:04
SalesBotAgent,"Certainly, we have a wide range of products to suit your needs.",2024-06-12 16:57:04
SalesBotAgent,Would you like to know more about our latest products?,2024-06-12 16:57:04
Customer,I’m interested in buying a Laptop. Can you provide more information?,2024-06-12 16:57:04
SalesBotAgent,"Certainly, we have a wide range of products to suit your needs.",2024-06-12 16:57:04
Customer,I’m interested in buying a Laptop. Can you provide more information?,2024-06-12 16:57:04
SalesBotAgent,"Certainly, we have a wide range of products to suit your needs.",2024-06-12 16:57:04
SalesBotAgent,Are you looking for anything specific?,2024-06-12 16:57:04
Customer,I’m interested in buying a Smartphone. Can you provide more information?,2024-06-12 16:57:04
SalesBotAgent,"Certainly, we have a wide range of products to suit your needs.",2024-06-12 16:57:04
Customer,I’m interested in buying a Tablet. Can you provide more information?,2024-06-12 16:57:04
SalesBotAgent,"Certainly, we have a wide range of products to suit your needs.",2024-06-12 16:57:04
SalesBotAgent,Are you looking for anything specific?,2024-06-12 16:57:04
Customer,I’m interested in buying a Smartphone. Can you provide more information?,2024-06-12 16:57:04
SalesBotAgent,"Certainly, we have a wide range of products to suit your needs.",2024-06-12 16:57:04
Customer,I’m interested in buying a Tablet. Can you provide more information?,2024-06-12 16:57:04
SalesBotAgent,"Certainly, we have a wide range of products to suit your needs.",2024-06-12 16:57:04
SalesBotAgent,Are you looking for anything specific?,2024-06-12 16:57:04
Customer,I’m interested in buying a Headphones. Can you provide more information?,2024-06-12 16:57:04
SalesBotAgent,"Certainly, we have a wide range of products to suit your needs.",2024-06-12 16:57:04
Customer,I’m interested in buying a Smartwatch. Can you provide more information?,2024-06-12 16:57:04
SalesBotAgent,"Certainly, we have a wide range of products to suit your needs.",2024-06-12 16:57:04
SalesBotAgent,Are you looking for anything specific?,2024-06-12 16:57:04
Customer,I’m interested in buying a Headphones. Can you provide more information?,2024-06-12 16:57:04
SalesBotAgent,"Certainly, we have a wide range of products to suit your needs.",2024-06-12 16:57:04
Customer,I’m interested in buying a Smartwatch. Can you provide more information?,2024-06-12 16:57:04
SalesBotAgent,"Certainly, we have a wide range of products to suit your needs.",2024-06-12 16:57:04
SalesBotAgent,Would you like to know more about our latest products?,2024-06-12 16:57:04
Customer,I’m interested in buying a Smartphone. Can you provide more information?,2024-06-12 16:57:04
SalesBotAgent,"Certainly, we have a wide range of products to suit your needs.",2024-06-12 16:57:04
Customer,I’m interested in buying a Smartwatch. Can you provide more information?,2024-06-12 16:57:04
SalesBotAgent,"Certainly, we have a wide range of products to suit your needs.",2024-06-12 16:57:04
SalesBotAgent,Would you like to know more about our latest products?,2024-06-12 16:57:04
Customer,I’m interested in buying a Smartphone. Can you provide more information?,2024-06-12 16:57:04
SalesBotAgent,"Certainly, we have a wide range of products to suit your needs.",2024-06-12 16:57:04
Customer,I’m interested in buying a Smartwatch. Can you provide more information?,2024-06-12 16:57:04
SalesBotAgent,"Certainly, we have a wide range of products to suit your needs.",2024-06-12 16:57:04
SalesBotAgent,"Hello, welcome to our store. How may I assist you today?",2024-06-12 16:57:04
Customer,I’m interested in buying a Laptop. Can you provide more information?,2024-06-12 16:57:04
SalesBotAgent,"Certainly, we have a wide range of products to suit your needs.",2024-06-12 16:57:04
Customer,I’m interested in buying a Tablet. Can you provide more information?,2024-06-12 16:57:04
SalesBotAgent,"Certainly, we have a wide range of products to suit your needs.",2024-06-12 16:57:04
SalesBotAgent,"Hello, welcome to our store. How may I assist you today?",2024-06-12 16:57:04
Customer,I’m interested in buying a Laptop. Can you provide more information?,2024-06-12 16:57:04
SalesBotAgent,"Certainly, we have a wide range of products to suit your needs.",2024-06-12 16:57:04
Customer,I’m interested in buying a Tablet. Can you provide more information?,2024-06-12 16:57:04
SalesBotAgent,"Certainly, we have a wide range of products to suit your needs.",2024-06-12 16:57:04
SalesBotAgent,Would you like to know more about our latest products?,2024-06-12 16:57:04
Customer,I’m interested in buying a Headphones. Can you provide more information?,2024-06-12 16:57:04
SalesBotAgent,"Certainly, we have a wide range of products to suit your needs.",2024-06-12 16:57:04
Customer,I’m interested in buying a Headphones. Can you provide more information?,2024-06-12 16:57:04
SalesBotAgent,"Certainly, we have a wide range of products to suit your needs.",2024-06-12 16:57:04
SalesBotAgent,Would you like to know more about our latest products?,2024-06-12 16:57:04
Customer,I’m interested in buying a Headphones. Can you provide more information?,2024-06-12 16:57:04
SalesBotAgent,"Certainly, we have a wide range of products to suit your needs.",2024-06-12 16:57:04
Customer,I’m interested in buying a Headphones. Can you provide more information?,2024-06-12 16:57:04
SalesBotAgent,"Certainly, we have a wide range of products to suit your needs.",2024-06-12 16:57:04
SalesBotAgent,Are you looking for anything specific?,2024-06-12 16:57:04
Customer,I’m interested in buying a Laptop. Can you provide more information?,2024-06-12 16:57:04
SalesBotAgent,"Certainly, we have a wide range of products to suit your needs.",2024-06-12 16:57:04
Customer,I’m interested in buying a Headphones. Can you provide more information?,2024-06-12 16:57:04
SalesBotAgent,"Certainly, we have a wide range of products to suit your needs.",2024-06-12 16:57:04
SalesBotAgent,Are you looking for anything specific?,2024-06-12 16:57:04
Customer,I’m interested in buying a Laptop. Can you provide more information?,2024-06-12 16:57:04
SalesBotAgent,"Certainly, we have a wide range of products to suit your needs.",2024-06-12 16:57:04
Customer,I’m interested in buying a Headphones. Can you provide more information?,2024-06-12 16:57:04
SalesBotAgent,"Certainly, we have a wide range of products to suit your needs.",2024-06-12 16:57:04
SalesBotAgent,Would you like to know more about our latest products?,2024-06-12 16:57:04
Customer,I’m interested in buying a Smartphone. Can you provide more information?,2024-06-12 16:57:04
SalesBotAgent,"Certainly, we have a wide range of products to suit your needs.",2024-06-12 16:57:04
Customer,I’m interested in buying a Laptop. Can you provide more information?,2024-06-12 16:57:04
SalesBotAgent,"Certainly, we have a wide range of products to suit your needs.",2024-06-12 16:57:04
SalesBotAgent,Would you like to know more about our latest products?,2024-06-12 16:57:04
Customer,I’m interested in buying a Smartphone. Can you provide more information?,2024-06-12 16:57:04
SalesBotAgent,"Certainly, we have a wide range of products to suit your needs.",2024-06-12 16:57:04
Customer,I’m interested in buying a Laptop. Can you provide more information?,2024-06-12 16:57:04
SalesBotAgent,"Certainly, we have a wide range of products to suit your needs.",2024-06-12 16:57:04
SalesBotAgent,Would you like to know more about our latest products?,2024-06-12 16:57:04
Customer,I’m interested in buying a Smartwatch. Can you provide more information?,2024-06-12 16:57:04
SalesBotAgent,"Certainly, we have a wide range of products to suit your needs.",2024-06-12 16:57:04
Customer,I’m interested in buying a Tablet. Can you provide more information?,2024-06-12 16:57:04
SalesBotAgent,"Certainly, we have a wide range of products to suit your needs.",2024-06-12 16:57:04
SalesBotAgent,Would you like to know more about our latest products?,2024-06-12 16:57:04
Customer,I’m interested in buying a Smartwatch. Can you provide more information?,2024-06-12 16:57:04
SalesBotAgent,"Certainly, we have a wide range of products to suit your needs.",2024-06-12 16:57:04
Customer,I’m interested in buying a Tablet. Can you provide more information?,2024-06-12 16:57:04
SalesBotAgent,"Certainly, we have a wide range of products to suit your needs.",2024-06-12 16:57:04
SalesBotAgent,Would you like to know more about our latest products?,2024-06-12 16:57:04
Customer,I’m interested in buying a Headphones. Can you provide more information?,2024-06-12 16:57:04
SalesBotAgent,"Certainly, we have a wide range of products to suit your needs.",2024-06-12 16:57:04
Customer,I’m interested in buying a Smartphone. Can you provide more information?,2024-06-12 16:57:04
SalesBotAgent,"Certainly, we have a wide range of products to suit your needs.",2024-06-12 16:57:04
SalesBotAgent,Would you like to know more about our latest products?,2024-06-12 16:57:04
Customer,I’m interested in buying a Headphones. Can you provide more information?,2024-06-12 16:57:04
SalesBotAgent,"Certainly, we have a wide range of products to suit your needs.",2024-06-12 16:57:04
Customer,I’m interested in buying a Smartphone. Can you provide more information?,2024-06-12 16:57:04
SalesBotAgent,"Certainly, we have a wide range of products to suit your needs.",2024-06-12 16:57:04
SalesBotAgent,Are you looking for anything specific?,2024-06-12 16:57:04
Customer,I’m interested in buying a Smartphone. Can you provide more information?,2024-06-12 16:57:04
SalesBotAgent,"Certainly, we have a wide range of products to suit your needs.",2024-06-12 16:57:04
Customer,I’m interested in buying a Laptop. Can you provide more information?,2024-06-12 16:57:04
SalesBotAgent,"Certainly, we have a wide range of products to suit your needs.",2024-06-12 16:57:04
SalesBotAgent,Are you looking for anything specific?,2024-06-12 16:57:04
Customer,I’m interested in buying a Smartphone. Can you provide more information?,2024-06-12 16:57:04
SalesBotAgent,"Certainly, we have a wide range of products to suit your needs.",2024-06-12 16:57:04
Customer,I’m interested in buying a Laptop. Can you provide more information?,2024-06-12 16:57:04
SalesBotAgent,"Certainly, we have a wide range of products to suit your needs.",2024-06-12 16:57:04
SalesBotAgent,Are you looking for anything specific?,2024-06-12 16:57:04
Customer,I’m interested in buying a Smartphone. Can you provide more information?,2024-06-12 16:57:04
SalesBotAgent,"Certainly, we have a wide range of products to suit your needs.",2024-06-12 16:57:04
Customer,I’m interested in buying a Laptop. Can you provide more information?,2024-06-12 16:57:04
SalesBotAgent,"Certainly, we have a wide range of products to suit your needs.",2024-06-12 16:57:04
SalesBotAgent,Are you looking for anything specific?,2024-06-12 16:57:04
Customer,I’m interested in buying a Smartphone. Can you provide more information?,2024-06-12 16:57:04
SalesBotAgent,"Certainly, we have a wide range of products to suit your needs.",2024-06-12 16:57:04
Customer,I’m interested in buying a Laptop. Can you provide more information?,2024-06-12 16:57:04
SalesBotAgent,"Certainly, we have a wide range of products to suit your needs.",2024-06-12 16:57:04
SalesBotAgent,"Hello, welcome to our store. How may I assist you today?",2024-06-12 16:57:04
Customer,I’m interested in buying a Headphones. Can you provide more information?,2024-06-12 16:57:04
SalesBotAgent,"Certainly, we have a wide range of products to suit your needs.",2024-06-12 16:57:04
Customer,I’m interested in buying a Headphones. Can you provide more information?,2024-06-12 16:57:04
SalesBotAgent,"Certainly, we have a wide range of products to suit your needs.",2024-06-12 16:57:04
SalesBotAgent,"Hello, welcome to our store. How may I assist you today?",2024-06-12 16:57:04
Customer,I’m interested in buying a Headphones. Can you provide more information?,2024-06-12 16:57:04
SalesBotAgent,"Certainly, we have a wide range of products to suit your needs.",2024-06-12 16:57:04
Customer,I’m interested in buying a Headphones. Can you provide more information?,2024-06-12 16:57:04
SalesBotAgent,"Certainly, we have a wide range of products to suit your needs.",2024-06-12 16:57:04
SalesBotAgent,Would you like to know more about our latest products?,2024-06-12 16:57:04
Customer,I’m interested in buying a Tablet. Can you provide more information?,2024-06-12 16:57:04
SalesBotAgent,"Certainly, we have a wide range of products to suit your needs.",2024-06-12 16:57:04
Customer,I’m interested in buying a Laptop. Can you provide more information?,2024-06-12 16:57:04
SalesBotAgent,"Certainly, we have a wide range of products to suit your needs.",2024-06-12 16:57:04
SalesBotAgent,Would you like to know more about our latest products?,2024-06-12 16:57:04
Customer,I’m interested in buying a Tablet. Can you provide more information?,2024-06-12 16:57:04
SalesBotAgent,"Certainly, we have a wide range of products to suit your needs.",2024-06-12 16:57:04
Customer,I’m interested in buying a Laptop. Can you provide more information?,2024-06-12 16:57:04
SalesBotAgent,"Certainly, we have a wide range of products to suit your needs.",2024-06-12 16:57:04
SalesBotAgent,Are you looking for anything specific?,2024-06-12 16:57:04
Customer,I’m interested in buying a Smartphone. Can you provide more information?,2024-06-12 16:57:04
SalesBotAgent,"Certainly, we have a wide range of products to suit your needs.",2024-06-12 16:57:04
Customer,I’m interested in buying a Laptop. Can you provide more information?,2024-06-12 16:57:04
SalesBotAgent,"Certainly, we have a wide range of products to suit your needs.",2024-06-12 16:57:04
SalesBotAgent,Are you looking for anything specific?,2024-06-12 16:57:04
Customer,I’m interested in buying a Smartphone. Can you provide more information?,2024-06-12 16:57:04
SalesBotAgent,"Certainly, we have a wide range of products to suit your needs.",2024-06-12 16:57:04
Customer,I’m interested in buying a Laptop. Can you provide more information?,2024-06-12 16:57:04
SalesBotAgent,"Certainly, we have a wide range of products to suit your needs.",2024-06-12 16:57:04
SalesBotAgent,Are you looking for anything specific?,2024-06-12 16:57:04
Customer,I’m interested in buying a Laptop. Can you provide more information?,2024-06-12 16:57:04
SalesBotAgent,"Certainly, we have a wide range of products to suit your needs.",2024-06-12 16:57:04
Customer,I’m interested in buying a Headphones. Can you provide more information?,2024-06-12 16:57:04
SalesBotAgent,"Certainly, we have a wide range of products to suit your needs.",2024-06-12 16:57:04
SalesBotAgent,Are you looking for anything specific?,2024-06-12 16:57:04
Customer,I’m interested in buying a Laptop. Can you provide more information?,2024-06-12 16:57:04
SalesBotAgent,"Certainly, we have a wide range of products to suit your needs.",2024-06-12 16:57:04
Customer,I’m interested in buying a Headphones. Can you provide more information?,2024-06-12 16:57:04
SalesBotAgent,"Certainly, we have a wide range of products to suit your needs.",2024-06-12 16:57:04
SalesBotAgent,Would you like to know more about our latest products?,2024-06-12 16:57:04
Customer,I’m interested in buying a Headphones. Can you provide more information?,2024-06-12 16:57:04
SalesBotAgent,"Certainly, we have a wide range of products to suit your needs.",2024-06-12 16:57:04
Customer,I’m interested in buying a Headphones. Can you provide more information?,2024-06-12 16:57:04
SalesBotAgent,"Certainly, we have a wide range of products to suit your needs.",2024-06-12 16:57:04
SalesBotAgent,Would you like to know more about our latest products?,2024-06-12 16:57:04
Customer,I’m interested in buying a Headphones. Can you provide more information?,2024-06-12 16:57:04
SalesBotAgent,"Certainly, we have a wide range of products to suit your needs.",2024-06-12 16:57:04
Customer,I’m interested in buying a Headphones. Can you provide more information?,2024-06-12 16:57:04
SalesBotAgent,"Certainly, we have a wide range of products to suit your needs.",2024-06-12 16:57:04
SalesBotAgent,Are you looking for anything specific?,2024-06-12 16:57:04
Customer,I’m interested in buying a Tablet. Can you provide more information?,2024-06-12 16:57:04
SalesBotAgent,"Certainly, we have a wide range of products to suit your needs.",2024-06-12 16:57:04
Customer,I’m interested in buying a Smartphone. Can you provide more information?,2024-06-12 16:57:04
SalesBotAgent,"Certainly, we have a wide range of products to suit your needs.",2024-06-12 16:57:04
SalesBotAgent,Are you looking for anything specific?,2024-06-12 16:57:04
Customer,I’m interested in buying a Tablet. Can you provide more information?,2024-06-12 16:57:04
SalesBotAgent,"Certainly, we have a wide range of products to suit your needs.",2024-06-12 16:57:04
Customer,I’m interested in buying a Smartphone. Can you provide more information?,2024-06-12 16:57:04
SalesBotAgent,"Certainly, we have a wide range of products to suit your needs.",2024-06-12 16:57:04
SalesBotAgent,"Hello, welcome to our store. How may I assist you today?",2024-06-12 16:57:04
Customer,I’m interested in buying a Smartwatch. Can you provide more information?,2024-06-12 16:57:04
SalesBotAgent,"Certainly, we have a wide range of products to suit your needs.",2024-06-12 16:57:04
Customer,I’m interested in buying a Smartphone. Can you provide more information?,2024-06-12 16:57:04
SalesBotAgent,"Certainly, we have a wide range of products to suit your needs.",2024-06-12 16:57:04
SalesBotAgent,"Hello, welcome to our store. How may I assist you today?",2024-06-12 16:57:04
Customer,I’m interested in buying a Smartwatch. Can you provide more information?,2024-06-12 16:57:04
SalesBotAgent,"Certainly, we have a wide range of products to suit your needs.",2024-06-12 16:57:04
Customer,I’m interested in buying a Smartphone. Can you provide more information?,2024-06-12 16:57:04
SalesBotAgent,"Certainly, we have a wide range of products to suit your needs.",2024-06-12 16:57:04
SalesBotAgent,Would you like to know more about our latest products?,2024-06-12 16:57:04
Customer,I’m interested in buying a Tablet. Can you provide more information?,2024-06-12 16:57:04
SalesBotAgent,"Certainly, we have a wide range of products to suit your needs.",2024-06-12 16:57:04
Customer,I’m interested in buying a Smartwatch. Can you provide more information?,2024-06-12 16:57:04
SalesBotAgent,"Certainly, we have a wide range of products to suit your needs.",2024-06-12 16:57:04
SalesBotAgent,Would you like to know more about our latest products?,2024-06-12 16:57:04
Customer,I’m interested in buying a Tablet. Can you provide more information?,2024-06-12 16:57:04
SalesBotAgent,"Certainly, we have a wide range of products to suit your needs.",2024-06-12 16:57:04
Customer,I’m interested in buying a Smartwatch. Can you provide more information?,2024-06-12 16:57:04
SalesBotAgent,"Certainly, we have a wide range of products to suit your needs.",2024-06-12 16:57:04
SalesBotAgent,Would you like to know more about our latest products?,2024-06-12 16:57:04
Customer,I’m interested in buying a Smartwatch. Can you provide more information?,2024-06-12 16:57:04
SalesBotAgent,"Certainly, we have a wide range of products to suit your needs.",2024-06-12 16:57:04
Customer,I’m interested in buying a Tablet. Can you provide more information?,2024-06-12 16:57:04
SalesBotAgent,"Certainly, we have a wide range of products to suit your needs.",2024-06-12 16:57:04
SalesBotAgent,Would you like to know more about our latest products?,2024-06-12 16:57:04
Customer,I’m interested in buying a Smartwatch. Can you provide more information?,2024-06-12 16:57:04
SalesBotAgent,"Certainly, we have a wide range of products to suit your needs.",2024-06-12 16:57:04
Customer,I’m interested in buying a Tablet. Can you provide more information?,2024-06-12 16:57:04
SalesBotAgent,"Certainly, we have a wide range of products to suit your needs.",2024-06-12 16:57:04
SalesBotAgent,"Hello, welcome to our store. How may I assist you today?",2024-06-12 16:57:04
Customer,I’m interested in buying a Smartwatch. Can you provide more information?,2024-06-12 16:57:04
SalesBotAgent,"Certainly, we have a wide range of products to suit your needs.",2024-06-12 16:57:04
Customer,I’m interested in buying a Tablet. Can you provide more information?,2024-06-12 16:57:04
SalesBotAgent,"Certainly, we have a wide range of products to suit your needs.",2024-06-12 16:57:04
SalesBotAgent,"Hello, welcome to our store. How may I assist you today?",2024-06-12 16:57:04
Customer,I’m interested in buying a Smartwatch. Can you provide more information?,2024-06-12 16:57:04
SalesBotAgent,"Certainly, we have a wide range of products to suit your needs.",2024-06-12 16:57:04
Customer,I’m interested in buying a Tablet. Can you provide more information?,2024-06-12 16:57:04
SalesBotAgent,"Certainly, we have a wide range of products to suit your needs.",2024-06-12 16:57:04
SalesBotAgent,"Hello, welcome to our store. How may I assist you today?",2024-06-12 16:57:04
Customer,I’m interested in buying a Laptop. Can you provide more information?,2024-06-12 16:57:04
SalesBotAgent,"Certainly, we have a wide range of products to suit your needs.",2024-06-12 16:57:04
Customer,I’m interested in buying a Smartwatch. Can you provide more information?,2024-06-12 16:57:04
SalesBotAgent,"Certainly, we have a wide range of products to suit your needs.",2024-06-12 16:57:04
SalesBotAgent,"Hello, welcome to our store. How may I assist you today?",2024-06-12 16:57:04
Customer,I’m interested in buying a Laptop. Can you provide more information?,2024-06-12 16:57:04
SalesBotAgent,"Certainly, we have a wide range of products to suit your needs.",2024-06-12 16:57:04
Customer,I’m interested in buying a Smartwatch. Can you provide more information?,2024-06-12 16:57:04
SalesBotAgent,"Certainly, we have a wide range of products to suit your needs.",2024-06-12 16:57:04
SalesBotAgent,"Hello, welcome to our store. How may I assist you today?",2024-06-12 16:57:04
Customer,I’m interested in buying a Laptop. Can you provide more information?,2024-06-12 16:57:04
SalesBotAgent,"Certainly, we have a wide range of products to suit your needs.",2024-06-12 16:57:04
Customer,I’m interested in buying a Laptop. Can you provide more information?,2024-06-12 16:57:04
SalesBotAgent,"Certainly, we have a wide range of products to suit your needs.",2024-06-12 16:57:04
SalesBotAgent,"Hello, welcome to our store. How may I assist you today?",2024-06-12 16:57:04
Customer,I’m interested in buying a Laptop. Can you provide more information?,2024-06-12 16:57:04
SalesBotAgent,"Certainly, we have a wide range of products to suit your needs.",2024-06-12 16:57:04
Customer,I’m interested in buying a Laptop. Can you provide more information?,2024-06-12 16:57:04
SalesBotAgent,"Certainly, we have a wide range of products to suit your needs.",2024-06-12 16:57:04
SalesBotAgent,Would you like to know more about our latest products?,2024-06-12 16:57:04
Customer,I’m interested in buying a Smartphone. Can you provide more information?,2024-06-12 16:57:04
SalesBotAgent,"Certainly, we have a wide range of products to suit your needs.",2024-06-12 16:57:04
Customer,I’m interested in buying a Tablet. Can you provide more information?,2024-06-12 16:57:04
SalesBotAgent,"Certainly, we have a wide range of products to suit your needs.",2024-06-12 16:57:04
SalesBotAgent,Would you like to know more about our latest products?,2024-06-12 16:57:04
Customer,I’m interested in buying a Smartphone. Can you provide more information?,2024-06-12 16:57:04
SalesBotAgent,"Certainly, we have a wide range of products to suit your needs.",2024-06-12 16:57:04
Customer,I’m interested in buying a Tablet. Can you provide more information?,2024-06-12 16:57:04
SalesBotAgent,"Certainly, we have a wide range of products to suit your needs.",2024-06-12 16:57:04
SalesBotAgent,"Hello, welcome to our store. How may I assist you today?",2024-06-12 16:57:04
Customer,I’m interested in buying a Tablet. Can you provide more information?,2024-06-12 16:57:04
SalesBotAgent,"Certainly, we have a wide range of products to suit your needs.",2024-06-12 16:57:04
Customer,I’m interested in buying a Smartphone. Can you provide more information?,2024-06-12 16:57:04
SalesBotAgent,"Certainly, we have a wide range of products to suit your needs.",2024-06-12 16:57:04
SalesBotAgent,"Hello, welcome to our store. How may I assist you today?",2024-06-12 16:57:04
Customer,I’m interested in buying a Tablet. Can you provide more information?,2024-06-12 16:57:04
SalesBotAgent,"Certainly, we have a wide range of products to suit your needs.",2024-06-12 16:57:04
Customer,I’m interested in buying a Smartphone. Can you provide more information?,2024-06-12 16:57:04
SalesBotAgent,"Certainly, we have a wide range of products to suit your needs.",2024-06-12 16:57:04
SalesBotAgent,"Hello, welcome to our store. How may I assist you today?",2024-06-12 16:57:04
Customer,I’m interested in buying a Smartphone. Can you provide more information?,2024-06-12 16:57:04
SalesBotAgent,"Certainly, we have a wide range of products to suit your needs.",2024-06-12 16:57:04
Customer,I’m interested in buying a Smartwatch. Can you provide more information?,2024-06-12 16:57:04
SalesBotAgent,"Certainly, we have a wide range of products to suit your needs.",2024-06-12 16:57:04
SalesBotAgent,"Hello, welcome to our store. How may I assist you today?",2024-06-12 16:57:04
Customer,I’m interested in buying a Smartphone. Can you provide more information?,2024-06-12 16:57:04
SalesBotAgent,"Certainly, we have a wide range of products to suit your needs.",2024-06-12 16:57:04
Customer,I’m interested in buying a Smartwatch. Can you provide more information?,2024-06-12 16:57:04
SalesBotAgent,"Certainly, we have a wide range of products to suit your needs.",2024-06-12 16:57:04
SalesBotAgent,Would you like to know more about our latest products?,2024-06-12 16:57:04
Customer,I’m interested in buying a Tablet. Can you provide more information?,2024-06-12 16:57:04
SalesBotAgent,"Certainly, we have a wide range of products to suit your needs.",2024-06-12 16:57:04
Customer,I’m interested in buying a Headphones. Can you provide more information?,2024-06-12 16:57:04
SalesBotAgent,"Certainly, we have a wide range of products to suit your needs.",2024-06-12 16:57:04
SalesBotAgent,Would you like to know more about our latest products?,2024-06-12 16:57:04
Customer,I’m interested in buying a Tablet. Can you provide more information?,2024-06-12 16:57:04
SalesBotAgent,"Certainly, we have a wide range of products to suit your needs.",2024-06-12 16:57:04
Customer,I’m interested in buying a Headphones. Can you provide more information?,2024-06-12 16:57:04
SalesBotAgent,"Certainly, we have a wide range of products to suit your needs.",2024-06-12 16:57:04
SalesBotAgent,"Hello, welcome to our store. How may I assist you today?",2024-06-12 16:57:04
Customer,I’m interested in buying a Smartphone. Can you provide more information?,2024-06-12 16:57:04
SalesBotAgent,"Certainly, we have a wide range of products to suit your needs.",2024-06-12 16:57:04
Customer,I’m interested in buying a Smartwatch. Can you provide more information?,2024-06-12 16:57:04
SalesBotAgent,"Certainly, we have a wide range of products to suit your needs.",2024-06-12 16:57:04
SalesBotAgent,"Hello, welcome to our store. How may I assist you today?",2024-06-12 16:57:04
Customer,I’m interested in buying a Smartphone. Can you provide more information?,2024-06-12 16:57:04
SalesBotAgent,"Certainly, we have a wide range of products to suit your needs.",2024-06-12 16:57:04
Customer,I’m interested in buying a Smartwatch. Can you provide more information?,2024-06-12 16:57:04
SalesBotAgent,"Certainly, we have a wide range of products to suit your needs.",2024-06-12 16:57:04
SalesBotAgent,Are you looking for anything specific?,2024-06-12 16:57:04
Customer,I’m interested in buying a Headphones. Can you provide more information?,2024-06-12 16:57:04
SalesBotAgent,"Certainly, we have a wide range of products to suit your needs.",2024-06-12 16:57:04
Customer,I’m interested in buying a Laptop. Can you provide more information?,2024-06-12 16:57:04
SalesBotAgent,"Certainly, we have a wide range of products to suit your needs.",2024-06-12 16:57:04
SalesBotAgent,Are you looking for anything specific?,2024-06-12 16:57:04
Customer,I’m interested in buying a Headphones. Can you provide more information?,2024-06-12 16:57:04
SalesBotAgent,"Certainly, we have a wide range of products to suit your needs.",2024-06-12 16:57:04
Customer,I’m interested in buying a Laptop. Can you provide more information?,2024-06-12 16:57:04
SalesBotAgent,"Certainly, we have a wide range of products to suit your needs.",2024-06-12 16:57:04
SalesBotAgent,"Hello, welcome to our store. How may I assist you today?",2024-06-12 16:57:04
Customer,I’m interested in buying a Smartwatch. Can you provide more information?,2024-06-12 16:57:04
SalesBotAgent,"Certainly, we have a wide range of products to suit your needs.",2024-06-12 16:57:04
Customer,I’m interested in buying a Smartphone. Can you provide more information?,2024-06-12 16:57:04
SalesBotAgent,"Certainly, we have a wide range of products to suit your needs.",2024-06-12 16:57:04
SalesBotAgent,"Hello, welcome to our store. How may I assist you today?",2024-06-12 16:57:04
Customer,I’m interested in buying a Smartwatch. Can you provide more information?,2024-06-12 16:57:04
SalesBotAgent,"Certainly, we have a wide range of products to suit your needs.",2024-06-12 16:57:04
Customer,I’m interested in buying a Smartphone. Can you provide more information?,2024-06-12 16:57:04
SalesBotAgent,"Certainly, we have a wide range of products to suit your needs.",2024-06-12 16:57:04
SalesBotAgent,"Hello, welcome to our store. How may I assist you today?",2024-06-12 16:57:04
Customer,I’m interested in buying a Laptop. Can you provide more information?,2024-06-12 16:57:04
SalesBotAgent,"Certainly, we have a wide range of products to suit your needs.",2024-06-12 16:57:04
Customer,I’m interested in buying a Laptop. Can you provide more information?,2024-06-12 16:57:04
SalesBotAgent,"Certainly, we have a wide range of products to suit your needs.",2024-06-12 16:57:04
SalesBotAgent,"Hello, welcome to our store. How may I assist you today?",2024-06-12 16:57:04
Customer,I’m interested in buying a Laptop. Can you provide more information?,2024-06-12 16:57:04
SalesBotAgent,"Certainly, we have a wide range of products to suit your needs.",2024-06-12 16:57:04
Customer,I’m interested in buying a Laptop. Can you provide more information?,2024-06-12 16:57:04
SalesBotAgent,"Certainly, we have a wide range of products to suit your needs.",2024-06-12 16:57:04
SalesBotAgent,Are you looking for anything specific?,2024-06-12 16:57:04
Customer,I’m interested in buying a Smartwatch. Can you provide more information?,2024-06-12 16:57:04
SalesBotAgent,"Certainly, we have a wide range of products to suit your needs.",2024-06-12 16:57:04
Customer,I’m interested in buying a Tablet. Can you provide more information?,2024-06-12 16:57:04
SalesBotAgent,"Certainly, we have a wide range of products to suit your needs.",2024-06-12 16:57:04
SalesBotAgent,Are you looking for anything specific?,2024-06-12 16:57:04
Customer,I’m interested in buying a Smartwatch. Can you provide more information?,2024-06-12 16:57:04
SalesBotAgent,"Certainly, we have a wide range of products to suit your needs.",2024-06-12 16:57:04
Customer,I’m interested in buying a Tablet. Can you provide more information?,2024-06-12 16:57:04
SalesBotAgent,"Certainly, we have a wide range of products to suit your needs.",2024-06-12 16:57:04
SalesBotAgent,Are you looking for anything specific?,2024-06-12 16:57:04
Customer,I’m interested in buying a Headphones. Can you provide more information?,2024-06-12 16:57:04
SalesBotAgent,"Certainly, we have a wide range of products to suit your needs.",2024-06-12 16:57:04
Customer,I’m interested in buying a Headphones. Can you provide more information?,2024-06-12 16:57:04
SalesBotAgent,"Certainly, we have a wide range of products to suit your needs.",2024-06-12 16:57:04
SalesBotAgent,Are you looking for anything specific?,2024-06-12 16:57:04
Customer,I’m interested in buying a Headphones. Can you provide more information?,2024-06-12 16:57:04
SalesBotAgent,"Certainly, we have a wide range of products to suit your needs.",2024-06-12 16:57:04
Customer,I’m interested in buying a Headphones. Can you provide more information?,2024-06-12 16:57:04
SalesBotAgent,"Certainly, we have a wide range of products to suit your needs.",2024-06-12 16:57:04
SalesBotAgent,Are you looking for anything specific?,2024-06-12 16:57:04
Customer,I’m interested in buying a Laptop. Can you provide more information?,2024-06-12 16:57:04
SalesBotAgent,"Certainly, we have a wide range of products to suit your needs.",2024-06-12 16:57:04
Customer,I’m interested in buying a Tablet. Can you provide more information?,2024-06-12 16:57:04
SalesBotAgent,"Certainly, we have a wide range of products to suit your needs.",2024-06-12 16:57:04
SalesBotAgent,Are you looking for anything specific?,2024-06-12 16:57:04
Customer,I’m interested in buying a Laptop. Can you provide more information?,2024-06-12 16:57:04
SalesBotAgent,"Certainly, we have a wide range of products to suit your needs.",2024-06-12 16:57:04
Customer,I’m interested in buying a Tablet. Can you provide more information?,2024-06-12 16:57:04
SalesBotAgent,"Certainly, we have a wide range of products to suit your needs.",2024-06-12 16:57:04
SalesBotAgent,Would you like to know more about our latest products?,2024-06-12 16:57:04
Customer,I’m interested in buying a Laptop. Can you provide more information?,2024-06-12 16:57:04
SalesBotAgent,"Certainly, we have a wide range of products to suit your needs.",2024-06-12 16:57:04
Customer,I’m interested in buying a Tablet. Can you provide more information?,2024-06-12 16:57:04
SalesBotAgent,"Certainly, we have a wide range of products to suit your needs.",2024-06-12 16:57:04
SalesBotAgent,Would you like to know more about our latest products?,2024-06-12 16:57:04
Customer,I’m interested in buying a Laptop. Can you provide more information?,2024-06-12 16:57:04
SalesBotAgent,"Certainly, we have a wide range of products to suit your needs.",2024-06-12 16:57:04
Customer,I’m interested in buying a Tablet. Can you provide more information?,2024-06-12 16:57:04
SalesBotAgent,"Certainly, we have a wide range of products to suit your needs.",2024-06-12 16:57:04
SalesBotAgent,"Hello, welcome to our store. How may I assist you today?",2024-06-12 16:57:04
Customer,I’m interested in buying a Laptop. Can you provide more information?,2024-06-12 16:57:04
SalesBotAgent,"Certainly, we have a wide range of products to suit your needs.",2024-06-12 16:57:04
Customer,I’m interested in buying a Smartwatch. Can you provide more information?,2024-06-12 16:57:04
SalesBotAgent,"Certainly, we have a wide range of products to suit your needs.",2024-06-12 16:57:04
SalesBotAgent,"Hello, welcome to our store. How may I assist you today?",2024-06-12 16:57:04
Customer,I’m interested in buying a Laptop. Can you provide more information?,2024-06-12 16:57:04
SalesBotAgent,"Certainly, we have a wide range of products to suit your needs.",2024-06-12 16:57:04
Customer,I’m interested in buying a Smartwatch. Can you provide more information?,2024-06-12 16:57:04
SalesBotAgent,"Certainly, we have a wide range of products to suit your needs.",2024-06-12 16:57:04
SalesBotAgent,"Hello, welcome to our store. How may I assist you today?",2024-06-12 16:57:04
Customer,I’m interested in buying a Tablet. Can you provide more information?,2024-06-12 16:57:04
SalesBotAgent,"Certainly, we have a wide range of products to suit your needs.",2024-06-12 16:57:04
Customer,I’m interested in buying a Laptop. Can you provide more information?,2024-06-12 16:57:04
SalesBotAgent,"Certainly, we have a wide range of products to suit your needs.",2024-06-12 16:57:04
SalesBotAgent,"Hello, welcome to our store. How may I assist you today?",2024-06-12 16:57:04
Customer,I’m interested in buying a Tablet. Can you provide more information?,2024-06-12 16:57:04
SalesBotAgent,"Certainly, we have a wide range of products to suit your needs.",2024-06-12 16:57:04
Customer,I’m interested in buying a Laptop. Can you provide more information?,2024-06-12 16:57:04
SalesBotAgent,"Certainly, we have a wide range of products to suit your needs.",2024-06-12 16:57:04
SalesBotAgent,Are you looking for anything specific?,2024-06-12 16:57:04
Customer,I’m interested in buying a Tablet. Can you provide more information?,2024-06-12 16:57:04
SalesBotAgent,"Certainly, we have a wide range of products to suit your needs.",2024-06-12 16:57:04
Customer,I’m interested in buying a Laptop. Can you provide more information?,2024-06-12 16:57:04
SalesBotAgent,"Certainly, we have a wide range of products to suit your needs.",2024-06-12 16:57:04
SalesBotAgent,Are you looking for anything specific?,2024-06-12 16:57:04
Customer,I’m interested in buying a Tablet. Can you provide more information?,2024-06-12 16:57:04
SalesBotAgent,"Certainly, we have a wide range of products to suit your needs.",2024-06-12 16:57:04
Customer,I’m interested in buying a Laptop. Can you provide more information?,2024-06-12 16:57:04
SalesBotAgent,"Certainly, we have a wide range of products to suit your needs.",2024-06-12 16:57:04
SalesBotAgent,Are you looking for anything specific?,2024-06-12 16:57:04
Customer,I’m interested in buying a Smartwatch. Can you provide more information?,2024-06-12 16:57:04
SalesBotAgent,"Certainly, we have a wide range of products to suit your needs.",2024-06-12 16:57:04
Customer,I’m interested in buying a Tablet. Can you provide more information?,2024-06-12 16:57:04
SalesBotAgent,"Certainly, we have a wide range of products to suit your needs.",2024-06-12 16:57:04
SalesBotAgent,Are you looking for anything specific?,2024-06-12 16:57:04
Customer,I’m interested in buying a Smartwatch. Can you provide more information?,2024-06-12 16:57:04
SalesBotAgent,"Certainly, we have a wide range of products to suit your needs.",2024-06-12 16:57:04
Customer,I’m interested in buying a Tablet. Can you provide more information?,2024-06-12 16:57:04
SalesBotAgent,"Certainly, we have a wide range of products to suit your needs.",2024-06-12 16:57:04
SalesBotAgent,"Hello, welcome to our store. How may I assist you today?",2024-06-12 16:57:04
Customer,I’m interested in buying a Tablet. Can you provide more information?,2024-06-12 16:57:04
SalesBotAgent,"Certainly, we have a wide range of products to suit your needs.",2024-06-12 16:57:04
Customer,I’m interested in buying a Laptop. Can you provide more information?,2024-06-12 16:57:04
SalesBotAgent,"Certainly, we have a wide range of products to suit your needs.",2024-06-12 16:57:04
SalesBotAgent,"Hello, welcome to our store. How may I assist you today?",2024-06-12 16:57:04
Customer,I’m interested in buying a Tablet. Can you provide more information?,2024-06-12 16:57:04
SalesBotAgent,"Certainly, we have a wide range of products to suit your needs.",2024-06-12 16:57:04
Customer,I’m interested in buying a Laptop. Can you provide more information?,2024-06-12 16:57:04
SalesBotAgent,"Certainly, we have a wide range of products to suit your needs.",2024-06-12 16:57:04
SalesBotAgent,Are you looking for anything specific?,2024-06-12 16:57:04
Customer,I’m interested in buying a Smartphone. Can you provide more information?,2024-06-12 16:57:04
SalesBotAgent,"Certainly, we have a wide range of products to suit your needs.",2024-06-12 16:57:04
Customer,I’m interested in buying a Smartwatch. Can you provide more information?,2024-06-12 16:57:04
SalesBotAgent,"Certainly, we have a wide range of products to suit your needs.",2024-06-12 16:57:04
SalesBotAgent,Are you looking for anything specific?,2024-06-12 16:57:04
Customer,I’m interested in buying a Smartphone. Can you provide more information?,2024-06-12 16:57:04
SalesBotAgent,"Certainly, we have a wide range of products to suit your needs.",2024-06-12 16:57:04
Customer,I’m interested in buying a Smartwatch. Can you provide more information?,2024-06-12 16:57:04
SalesBotAgent,"Certainly, we have a wide range of products to suit your needs.",2024-06-12 16:57:04
SalesBotAgent,Would you like to know more about our latest products?,2024-06-12 16:57:04
Customer,I’m interested in buying a Headphones. Can you provide more information?,2024-06-12 16:57:04
SalesBotAgent,"Certainly, we have a wide range of products to suit your needs.",2024-06-12 16:57:04
Customer,I’m interested in buying a Laptop. Can you provide more information?,2024-06-12 16:57:04
SalesBotAgent,"Certainly, we have a wide range of products to suit your needs.",2024-06-12 16:57:04
SalesBotAgent,Would you like to know more about our latest products?,2024-06-12 16:57:04
Customer,I’m interested in buying a Headphones. Can you provide more information?,2024-06-12 16:57:04
SalesBotAgent,"Certainly, we have a wide range of products to suit your needs.",2024-06-12 16:57:04
Customer,I’m interested in buying a Laptop. Can you provide more information?,2024-06-12 16:57:04
SalesBotAgent,"Certainly, we have a wide range of products to suit your needs.",2024-06-12 16:57:04
SalesBotAgent,Are you looking for anything specific?,2024-06-12 16:57:04
Customer,I’m interested in buying a Laptop. Can you provide more information?,2024-06-12 16:57:04
SalesBotAgent,"Certainly, we have a wide range of products to suit your needs.",2024-06-12 16:57:04
Customer,I’m interested in buying a Smartwatch. Can you provide more information?,2024-06-12 16:57:04
SalesBotAgent,"Certainly, we have a wide range of products to suit your needs.",2024-06-12 16:57:04
SalesBotAgent,Are you looking for anything specific?,2024-06-12 16:57:04
Customer,I’m interested in buying a Laptop. Can you provide more information?,2024-06-12 16:57:04
SalesBotAgent,"Certainly, we have a wide range of products to suit your needs.",2024-06-12 16:57:04
Customer,I’m interested in buying a Smartwatch. Can you provide more information?,2024-06-12 16:57:04
SalesBotAgent,"Certainly, we have a wide range of products to suit your needs.",2024-06-12 16:57:04
SalesBotAgent,Would you like to know more about our latest products?,2024-06-12 16:57:04
Customer,I’m interested in buying a Smartwatch. Can you provide more information?,2024-06-12 16:57:04
SalesBotAgent,"Certainly, we have a wide range of products to suit your needs.",2024-06-12 16:57:04
Customer,I’m interested in buying a Smartphone. Can you provide more information?,2024-06-12 16:57:04
SalesBotAgent,"Certainly, we have a wide range of products to suit your needs.",2024-06-12 16:57:04
SalesBotAgent,Would you like to know more about our latest products?,2024-06-12 16:57:04
Customer,I’m interested in buying a Smartwatch. Can you provide more information?,2024-06-12 16:57:04
SalesBotAgent,"Certainly, we have a wide range of products to suit your needs.",2024-06-12 16:57:04
Customer,I’m interested in buying a Smartphone. Can you provide more information?,2024-06-12 16:57:04
SalesBotAgent,"Certainly, we have a wide range of products to suit your needs.",2024-06-12 16:57:04
SalesBotAgent,Would you like to know more about our latest products?,2024-06-12 16:57:04
Customer,I’m interested in buying a Tablet. Can you provide more information?,2024-06-12 16:57:04
SalesBotAgent,"Certainly, we have a wide range of products to suit your needs.",2024-06-12 16:57:04
Customer,I’m interested in buying a Smartwatch. Can you provide more information?,2024-06-12 16:57:04
SalesBotAgent,"Certainly, we have a wide range of products to suit your needs.",2024-06-12 16:57:04
SalesBotAgent,Would you like to know more about our latest products?,2024-06-12 16:57:04
Customer,I’m interested in buying a Tablet. Can you provide more information?,2024-06-12 16:57:04
SalesBotAgent,"Certainly, we have a wide range of products to suit your needs.",2024-06-12 16:57:04
Customer,I’m interested in buying a Smartwatch. Can you provide more information?,2024-06-12 16:57:04
SalesBotAgent,"Certainly, we have a wide range of products to suit your needs.",2024-06-12 16:57:04
SalesBotAgent,Would you like to know more about our latest products?,2024-06-12 16:57:04
Customer,I’m interested in buying a Tablet. Can you provide more information?,2024-06-12 16:57:04
SalesBotAgent,"Certainly, we have a wide range of products to suit your needs.",2024-06-12 16:57:04
Customer,I’m interested in buying a Smartphone. Can you provide more information?,2024-06-12 16:57:04
SalesBotAgent,"Certainly, we have a wide range of products to suit your needs.",2024-06-12 16:57:04
SalesBotAgent,Would you like to know more about our latest products?,2024-06-12 16:57:04
Customer,I’m interested in buying a Tablet. Can you provide more information?,2024-06-12 16:57:04
SalesBotAgent,"Certainly, we have a wide range of products to suit your needs.",2024-06-12 16:57:04
Customer,I’m interested in buying a Smartphone. Can you provide more information?,2024-06-12 16:57:04
SalesBotAgent,"Certainly, we have a wide range of products to suit your needs.",2024-06-12 16:57:04
SalesBotAgent,"Hello, welcome to our store. How may I assist you today?",2024-06-12 16:57:04
Customer,I’m interested in buying a Smartphone. Can you provide more information?,2024-06-12 16:57:04
SalesBotAgent,"Certainly, we have a wide range of products to suit your needs.",2024-06-12 16:57:04
Customer,I’m interested in buying a Smartwatch. Can you provide more information?,2024-06-12 16:57:04
SalesBotAgent,"Certainly, we have a wide range of products to suit your needs.",2024-06-12 16:57:04
SalesBotAgent,"Hello, welcome to our store. How may I assist you today?",2024-06-12 16:57:04
Customer,I’m interested in buying a Smartphone. Can you provide more information?,2024-06-12 16:57:04
SalesBotAgent,"Certainly, we have a wide range of products to suit your needs.",2024-06-12 16:57:04
Customer,I’m interested in buying a Smartwatch. Can you provide more information?,2024-06-12 16:57:04
SalesBotAgent,"Certainly, we have a wide range of products to suit your needs.",2024-06-12 16:57:04
SalesBotAgent,"Hello, welcome to our store. How may I assist you today?",2024-06-12 16:57:04
Customer,I’m interested in buying a Laptop. Can you provide more information?,2024-06-12 16:57:04
SalesBotAgent,"Certainly, we have a wide range of products to suit your needs.",2024-06-12 16:57:04
Customer,I’m interested in buying a Tablet. Can you provide more information?,2024-06-12 16:57:04
SalesBotAgent,"Certainly, we have a wide range of products to suit your needs.",2024-06-12 16:57:04
SalesBotAgent,"Hello, welcome to our store. How may I assist you today?",2024-06-12 16:57:04
Customer,I’m interested in buying a Laptop. Can you provide more information?,2024-06-12 16:57:04
SalesBotAgent,"Certainly, we have a wide range of products to suit your needs.",2024-06-12 16:57:04
Customer,I’m interested in buying a Tablet. Can you provide more information?,2024-06-12 16:57:04
SalesBotAgent,"Certainly, we have a wide range of products to suit your needs.",2024-06-12 16:57:04
SalesBotAgent,Would you like to know more about our latest products?,2024-06-12 16:57:04
Customer,I’m interested in buying a Smartphone. Can you provide more information?,2024-06-12 16:57:04
SalesBotAgent,"Certainly, we have a wide range of products to suit your needs.",2024-06-12 16:57:04
Customer,I’m interested in buying a Tablet. Can you provide more information?,2024-06-12 16:57:04
SalesBotAgent,"Certainly, we have a wide range of products to suit your needs.",2024-06-12 16:57:04
SalesBotAgent,Would you like to know more about our latest products?,2024-06-12 16:57:04
Customer,I’m interested in buying a Smartphone. Can you provide more information?,2024-06-12 16:57:04
SalesBotAgent,"Certainly, we have a wide range of products to suit your needs.",2024-06-12 16:57:04
Customer,I’m interested in buying a Tablet. Can you provide more information?,2024-06-12 16:57:04
SalesBotAgent,"Certainly, we have a wide range of products to suit your needs.",2024-06-12 16:57:04
SalesBotAgent,"Hello, welcome to our store. How may I assist you today?",2024-06-12 16:57:04
Customer,I’m interested in buying a Tablet. Can you provide more information?,2024-06-12 16:57:04
SalesBotAgent,"Certainly, we have a wide range of products to suit your needs.",2024-06-12 16:57:04
Customer,I’m interested in buying a Smartwatch. Can you provide more information?,2024-06-12 16:57:04
SalesBotAgent,"Certainly, we have a wide range of products to suit your needs.",2024-06-12 16:57:04
SalesBotAgent,"Hello, welcome to our store. How may I assist you today?",2024-06-12 16:57:04
Customer,I’m interested in buying a Tablet. Can you provide more information?,2024-06-12 16:57:04
SalesBotAgent,"Certainly, we have a wide range of products to suit your needs.",2024-06-12 16:57:04
Customer,I’m interested in buying a Smartwatch. Can you provide more information?,2024-06-12 16:57:04
SalesBotAgent,"Certainly, we have a wide range of products to suit your needs.",2024-06-12 16:57:04
SalesBotAgent,"Hello, welcome to our store. How may I assist you today?",2024-06-12 16:57:04
Customer,I’m interested in buying a Smartwatch. Can you provide more information?,2024-06-12 16:57:04
SalesBotAgent,"Certainly, we have a wide range of products to suit your needs.",2024-06-12 16:57:04
Customer,I’m interested in buying a Smartphone. Can you provide more information?,2024-06-12 16:57:04
SalesBotAgent,"Certainly, we have a wide range of products to suit your needs.",2024-06-12 16:57:04
SalesBotAgent,"Hello, welcome to our store. How may I assist you today?",2024-06-12 16:57:04
Customer,I’m interested in buying a Smartwatch. Can you provide more information?,2024-06-12 16:57:04
SalesBotAgent,"Certainly, we have a wide range of products to suit your needs.",2024-06-12 16:57:04
Customer,I’m interested in buying a Smartphone. Can you provide more information?,2024-06-12 16:57:04
SalesBotAgent,"Certainly, we have a wide range of products to suit your needs.",2024-06-12 16:57:04
